AT,V,AP,RH,PE_predicted
25,51.5,1000.1,57.0,444.6341176470588
32,41.0,1051.1,80.0,438.53361702127654
28,,1010.2,,439.88083333333327
